Workbook

Sheet Cover Page
C3: Inventory Management
C7: Get 10% OFF our course using coupon code EMAIL10
C9: Get our Excel for Business & Finance Course
C11: Go to Sheet 1 -> here
C13: Made by Career Principles Ltd.
C15: Note
C16: All content is copyright material of Career Principles Ltd.
C17: This Excel model may not be reproduced or distributed by any means, including printing, screencapturing, or any other method without the prior permission of the publisher.

Sheet Inventory
B2: Inventory Management System
B4: Inventory Value | E4: Current Date
B5: Unique Products | E5: Day of Week
B7: Product ID | C7: Product | D7: Quantity in Stock | E7: Price per Unit | F7: Sale Price per Unit | G7: Total Value | H7: Reorder Threshold | I7: Reorder? | J7: ETA
B8: 101 | D8: 3 | E8: 6.5357631 | F8: =E8*3 -> 19.607289 | H8: 4
B9: 102 | D9: 12 | E9: 8.1162716 | F9: =E9*3 -> 24.348815 | H9: 6
B10: 103 | D10: 4 | E10: 9.6615053 | F10: =E10*3 -> 28.984516 | H10: 7
B11: 104 | D11: 22 | E11: 7.1428556 | F11: =E11*3 -> 21.428567 | H11: 2
B12: 105 | D12: 7 | E12: 3.7669671 | F12: =E12*3 -> 11.300901 | H12: 3
B13: 106 | D13: 19 | E13: 7.5821486 | F13: =E13*3 -> 22.746446 | H13: 5
B14: 108 | D14: 21 | E14: 7.3073497 | F14: =E14*3 -> 21.922049 | H14: 8
B15: 109 | D15: 24 | E15: 6.1967948 | F15: =E15*3 -> 18.590384 | H15: 4
B16: 110 | D16: 5 | E16: 1.5677051 | F16: =E16*3 -> 4.7031154 | H16: 8
B17: 111 | D17: 5 | E17: 3.537849 | F17: =E17*3 -> 10.613547 | H17: 2
B18: 112 | D18: 5 | E18: 7.9822216 | F18: =E18*3 -> 23.946665 | H18: 8
B19: 113 | D19: 8 | E19: 2.1895287 | F19: =E19*3 -> 6.5685862 | H19: 7
B20: 116 | D20: 11 | E20: 5.0442445 | F20: =E20*3 -> 15.132734 | H20: 2

Sheet Vendor Info
B2: Vendor & Product Information
B4: ID | C4: Product | D4: Description | E4: Vendor | F4: Typical Order Time | G4: Reorder | H4: Contact Name | I4: Email Address | J4: Website
B5: 101 | C5: Fading Light | D5: Thriller | E5: Starlight Publishing | F5: 7 | G5: 2 | H5: Josh Smith | I5: josh.smith@gmail.com | J5: Link
B6: =B5+1 -> 102 | C6: Silent Echo | D6: Mystery | E6: Ironclad Books | F6: 14 | G6: 3 | H6: Mike Dean | I6: mike.dean@gmail.com | J6: Link
B7: =B6+1 -> 103 | C7: Iron Sky | D7: Sci-Fi | E7: EchoBay Press | F7: 30 | G7: 4 | H7: Mikel Artena | I7: mikel.artena@gmail.com | J7: Link
B8: =B7+1 -> 104 | C8: Wanderlust | D8: Travel | E8: Silverleaf Editions | F8: 7 | G8: 1 | H8: Sam Allargine | I8: sam.allargine@gmail.com | J8: Link
B9: =B8+1 -> 105 | C9: Lost Horizon | D9: History | E9: Starlight Publishing | F9: 7 | G9: 2 | H9: Josh Smith | I9: josh.smith@gmail.com | J9: Link
B10: =B9+1 -> 106 | C10: Silver Veil | D10: Fantasy | E10: Starlight Publishing | F10: 7 | G10: 2 | H10: Josh Smith | I10: josh.smith@gmail.com | J10: Link
B11: =B10+1 -> 107 | C11: The Win | D11: Horror | E11: Starlight Publishing | F11: 7 | G11: 2 | H11: Josh Smith | I11: josh.smith@gmail.com | J11: Link
B12: =B11+1 -> 108 | C12: The Hollow | D12: Drama | E12: EchoBay Press | F12: 30 | G12: 4 | H12: Mikel Artena | I12: mikel.artena@gmail.com | J12: Link
B13: =B12+1 -> 109 | C13: Broker | D13: Fantasy | E13: EchoBay Press | F13: 30 | G13: 4 | H13: Mikel Artena | I13: mikel.artena@gmail.com | J13: Link
B14: =B13+1 -> 110 | C14: Frostfire | D14: Dystopian | E14: EchoBay Press | F14: 30 | G14: 4 | H14: Mikel Artena | I14: mikel.artena@gmail.com | J14: Link
B15: =B14+1 -> 111 | C15: The Tide | D15: Action | E15: Moonlit House | F15: 7 | G15: 1 | H15: Arya Janne | I15: arya.janne@gmail.com | J15: Link
B16: =B15+1 -> 112 | C16: Crimson | D16: Romance | E16: Phoenix Publishers | F16: 60 | G16: 4 | H16: Miriam Adelson | I16: miriam.adelson@gmail.com | J16: Link
B17: =B16+1 -> 113 | C17: Shattered | D17: Sci-Fi | E17: Shadow Media | F17: 5 | G17: 4 | H17: Ken Griffin | I17: ken.griffin@gmail.com | J17: Link
... B24: =B23+1 -> 120 | C24: Shadowfall | D24: Urban | E24: Shattered Sky | F24: 60 | G24: 4 | H24: Jim Simons | I24: jim.simons@gmail.com | J24: Link

Sheet Order Summary
B2: Daily Order Summary
B4: Total Order
B6: Product ID | C6: Product | D6: Quantity | E6: Total Cost | F6: Contact | G6: Email

Sheet Inventory Complete
C2: Inventory Management System
C4: Inventory Value | D4: =SUM(Inventory[Total Value]) -> 2921.5206 | F4: Current Date | G4: =TODAY() -> 45775
C5: Unique Products | D5: =COUNT(_xlfn.UNIQUE(Inventory[Product ID])) -> 14 | F5: Day of Week | G5: =TEXT(G4,"dddd") -> Monday
C7: Product ID | D7: Product | E7: Quantity in Stock | F7: Cost per Unit | G7: Sale Price per Unit | H7: Total Value | I7: Reorder Threshold | J7: Reorder? | K7: ETA
C8: 101 | D8: =_xlfn.XLOOKUP(Inventory[[#This Row],[Product ID]],Vendor[ID],Vendor[Product]) -> Fading Light | E8: 3 | F8: 6.5357631 | G8: =F8*3 -> 19.607289 | H8: =Inventory[[#This Row],[Sale Price per Unit]]*Inventory[[#This Row],[Quantity in Stock]] -> 58.821868 | I8: 4 | J8: =IF(Inventory[[#This Row],[Quantity in Stock]]<=Inventory[[#This Row],[Reorder Threshold]],"Yes","No") -> Yes | K8: =IF(Inventory[[#This Row],[Reorder?]]="Yes",'Inventory Complete'!$G$4+_xlfn.XLOOKUP(Inventory[[#This Row],[Product ID]],Vendor[ID],Vendor[Typical Order Time]),"") -> 45782
C9: 102 | D9: =_xlfn.XLOOKUP(Inventory[[#This Row],[Product ID]],Vendor[ID],Vendor[Product]) -> Silent Echo | E9: 12 | F9: 8.1162716 | G9: =F9*3 -> 24.348815 | H9: =Inventory[[#This Row],[Sale Price per Unit]]*Inventory[[#This Row],[Quantity in Stock]] -> 292.18578 | I9: 6 | J9: =IF(Inventory[[#This Row],[Quantity in Stock]]<=Inventory[[#This Row],[Reorder Threshold]],"Yes","No") -> No | K9: =IF(Inventory[[#This Row],[Reorder?]]="Yes",'Inventory Complete'!$G$4+_xlfn.XLOOKUP(Inventory[[#This Row],[Product ID]],Vendor[ID],Vendor[Typical Order Time]),"")
C10: 103 | D10: =_xlfn.XLOOKUP(Inventory[[#This Row],[Product ID]],Vendor[ID],Vendor[Product]) -> Iron Sky | E10: 4 | F10: 9.6615053 | G10: =F10*3 -> 28.984516 | H10: =Inventory[[#This Row],[Sale Price per Unit]]*Inventory[[#This Row],[Quantity in Stock]] -> 115.93806 | I10: 7 | J10: =IF(Inventory[[#This Row],[Quantity in Stock]]<=Inventory[[#This Row],[Reorder Threshold]],"Yes","No") -> Yes | K10: =IF(Inventory[[#This Row],[Reorder?]]="Yes",'Inventory Complete'!$G$4+_xlfn.XLOOKUP(Inventory[[#This Row],[Product ID]],Vendor[ID],Vendor[Typical Order Time]),"") -> 45805
C11: 104 | D11: =_xlfn.XLOOKUP(Inventory[[#This Row],[Product ID]],Vendor[ID],Vendor[Product]) -> Wanderlust | E11: 22 | F11: 7.1428556 | G11: =F11*3 -> 21.428567 | H11: =Inventory[[#This Row],[Sale Price per Unit]]*Inventory[[#This Row],[Quantity in Stock]] -> 471.42847 | I11: 2 | J11: =IF(Inventory[[#This Row],[Quantity in Stock]]<=Inventory[[#This Row],[Reorder Threshold]],"Yes","No") -> No | K11: =IF(Inventory[[#This Row],[Reorder?]]="Yes",'Inventory Complete'!$G$4+_xlfn.XLOOKUP(Inventory[[#This Row],[Product ID]],Vendor[ID],Vendor[Typical Order Time]),"")
C12: 105 | D12: =_xlfn.XLOOKUP(Inventory[[#This Row],[Product ID]],Vendor[ID],Vendor[Product]) -> Lost Horizon | E12: 7 | F12: 3.7669671 | G12: =F12*3 -> 11.300901 | H12: =Inventory[[#This Row],[Sale Price per Unit]]*Inventory[[#This Row],[Quantity in Stock]] -> 79.106308 | I12: 3 | J12: =IF(Inventory[[#This Row],[Quantity in Stock]]<=Inventory[[#This Row],[Reorder Threshold]],"Yes","No") -> No | K12: =IF(Inventory[[#This Row],[Reorder?]]="Yes",'Inventory Complete'!$G$4+_xlfn.XLOOKUP(Inventory[[#This Row],[Product ID]],Vendor[ID],Vendor[Typical Order Time]),"")
C13: 106 | D13: =_xlfn.XLOOKUP(Inventory[[#This Row],[Product ID]],Vendor[ID],Vendor[Product]) -> Silver Veil | E13: 19 | F13: 7.5821486 | G13: =F13*3 -> 22.746446 | H13: =Inventory[[#This Row],[Sale Price per Unit]]*Inventory[[#This Row],[Quantity in Stock]] -> 432.18247 | I13: 5 | J13: =IF(Inventory[[#This Row],[Quantity in Stock]]<=Inventory[[#This Row],[Reorder Threshold]],"Yes","No") -> No | K13: =IF(Inventory[[#This Row],[Reorder?]]="Yes",'Inventory Complete'!$G$4+_xlfn.XLOOKUP(Inventory[[#This Row],[Product ID]],Vendor[ID],Vendor[Typical Order Time]),"")
C14: 108 | D14: =_xlfn.XLOOKUP(Inventory[[#This Row],[Product ID]],Vendor[ID],Vendor[Product]) -> The Hollow | E14: 21 | F14: 7.3073497 | G14: =F14*3 -> 21.922049 | H14: =Inventory[[#This Row],[Sale Price per Unit]]*Inventory[[#This Row],[Quantity in Stock]] -> 460.36303 | I14: 8 | J14: =IF(Inventory[[#This Row],[Quantity in Stock]]<=Inventory[[#This Row],[Reorder Threshold]],"Yes","No") -> No | K14: =IF(Inventory[[#This Row],[Reorder?]]="Yes",'Inventory Complete'!$G$4+_xlfn.XLOOKUP(Inventory[[#This Row],[Product ID]],Vendor[ID],Vendor[Typical Order Time]),"")
C15: 109 | D15: =_xlfn.XLOOKUP(Inventory[[#This Row],[Product ID]],Vendor[ID],Vendor[Product]) -> Broker | E15: 24 | F15: 6.1967948 | G15: =F15*3 -> 18.590384 | H15: =Inventory[[#This Row],[Sale Price per Unit]]*Inventory[[#This Row],[Quantity in Stock]] -> 446.16922 | I15: 4 | J15: =IF(Inventory[[#This Row],[Quantity in Stock]]<=Inventory[[#This Row],[Reorder Threshold]],"Yes","No") -> No | K15: =IF(Inventory[[#This Row],[Reorder?]]="Yes",'Inventory Complete'!$G$4+_xlfn.XLOOKUP(Inventory[[#This Row],[Product ID]],Vendor[ID],Vendor[Typical Order Time]),"")
C16: 110 | D16: =_xlfn.XLOOKUP(Inventory[[#This Row],[Product ID]],Vendor[ID],Vendor[Product]) -> Frostfire | E16: 5 | F16: 1.5677051 | G16: =F16*3 -> 4.7031154 | H16: =Inventory[[#This Row],[Sale Price per Unit]]*Inventory[[#This Row],[Quantity in Stock]] -> 23.515577 | I16: 8 | J16: =IF(Inventory[[#This Row],[Quantity in Stock]]<=Inventory[[#This Row],[Reorder Threshold]],"Yes","No") -> Yes | K16: =IF(Inventory[[#This Row],[Reorder?]]="Yes",'Inventory Complete'!$G$4+_xlfn.XLOOKUP(Inventory[[#This Row],[Product ID]],Vendor[ID],Vendor[Typical Order Time]),"") -> 45805
C17: 111 | D17: =_xlfn.XLOOKUP(Inventory[[#This Row],[Product ID]],Vendor[ID],Vendor[Product]) -> The Tide | E17: 5 | F17: 3.537849 | G17: =F17*3 -> 10.613547 | H17: =Inventory[[#This Row],[Sale Price per Unit]]*Inventory[[#This Row],[Quantity in Stock]] -> 53.067735 | I17: 2 | J17: =IF(Inventory[[#This Row],[Quantity in Stock]]<=Inventory[[#This Row],[Reorder Threshold]],"Yes","No") -> No | K17: =IF(Inventory[[#This Row],[Reorder?]]="Yes",'Inventory Complete'!$G$4+_xlfn.XLOOKUP(Inventory[[#This Row],[Product ID]],Vendor[ID],Vendor[Typical Order Time]),"")
C18: 112 | D18: =_xlfn.XLOOKUP(Inventory[[#This Row],[Product ID]],Vendor[ID],Vendor[Product]) -> Crimson | E18: 5 | F18: 7.9822216 | G18: =F18*3 -> 23.946665 | H18: =Inventory[[#This Row],[Sale Price per Unit]]*Inventory[[#This Row],[Quantity in Stock]] -> 119.73332 | I18: 8 | J18: =IF(Inventory[[#This Row],[Quantity in Stock]]<=Inventory[[#This Row],[Reorder Threshold]],"Yes","No") -> Yes | K18: =IF(Inventory[[#This Row],[Reorder?]]="Yes",'Inventory Complete'!$G$4+_xlfn.XLOOKUP(Inventory[[#This Row],[Product ID]],Vendor[ID],Vendor[Typical Order Time]),"") -> 45835
C19: 113 | D19: =_xlfn.XLOOKUP(Inventory[[#This Row],[Product ID]],Vendor[ID],Vendor[Product]) -> Shattered | E19: 8 | F19: 2.1895287 | G19: =F19*3 -> 6.5685862 | H19: =Inventory[[#This Row],[Sale Price per Unit]]*Inventory[[#This Row],[Quantity in Stock]] -> 52.54869 | I19: 7 | J19: =IF(Inventory[[#This Row],[Quantity in Stock]]<=Inventory[[#This Row],[Reorder Threshold]],"Yes","No") -> No | K19: =IF(Inventory[[#This Row],[Reorder?]]="Yes",'Inventory Complete'!$G$4+_xlfn.XLOOKUP(Inventory[[#This Row],[Product ID]],Vendor[ID],Vendor[Typical Order Time]),"")
... C21: 118 | D21: =_xlfn.XLOOKUP(Inventory[[#This Row],[Product ID]],Vendor[ID],Vendor[Product]) -> The Nexus | E21: 10 | F21: 5 | G21: =F21*3 -> 15 | H21: =Inventory[[#This Row],[Sale Price per Unit]]*Inventory[[#This Row],[Quantity in Stock]] -> 150 | I21: 12 | J21: =IF(Inventory[[#This Row],[Quantity in Stock]]<=Inventory[[#This Row],[Reorder Threshold]],"Yes","No") -> Yes | K21: =IF(Inventory[[#This Row],[Reorder?]]="Yes",'Inventory Complete'!$G$4+_xlfn.XLOOKUP(Inventory[[#This Row],[Product ID]],Vendor[ID],Vendor[Typical Order Time]),"") -> 45805

Sheet Vendor Info Complete
C2: Vendor & Product Information
C4: ID | D4: Product | E4: Description | F4: Vendor | G4: Typical Order Time | H4: Reorder | I4: Contact Name | J4: Email Address | K4: Website
C5: 101 | D5: Fading Light | E5: Thriller | F5: Starlight Publishing | G5: 7 | H5: 2 | I5: Josh Smith | J5: josh.smith@gmail.com | K5: Link
C6: =C5+1 -> 102 | D6: Silent Echo | E6: Mystery | F6: Ironclad Books | G6: 14 | H6: 3 | I6: Mike Dean | J6: mike.dean@gmail.com | K6: Link
C7: =C6+1 -> 103 | D7: Iron Sky | E7: Sci-Fi | F7: EchoBay Press | G7: 30 | H7: 4 | I7: Mikel Artena | J7: mikel.artena@gmail.com | K7: Link
C8: =C7+1 -> 104 | D8: Wanderlust | E8: Travel | F8: Silverleaf Editions | G8: 7 | H8: 1 | I8: Sam Allargine | J8: sam.allargine@gmail.com | K8: Link
C9: =C8+1 -> 105 | D9: Lost Horizon | E9: History | F9: Starlight Publishing | G9: 7 | H9: 2 | I9: Josh Smith | J9: josh.smith@gmail.com | K9: Link
C10: =C9+1 -> 106 | D10: Silver Veil | E10: Fantasy | F10: Starlight Publishing | G10: 7 | H10: 2 | I10: Josh Smith | J10: josh.smith@gmail.com | K10: Link
C11: =C10+1 -> 107 | D11: The Win | E11: Horror | F11: Starlight Publishing | G11: 7 | H11: 2 | I11: Josh Smith | J11: josh.smith@gmail.com | K11: Link
C12: =C11+1 -> 108 | D12: The Hollow | E12: Drama | F12: EchoBay Press | G12: 30 | H12: 4 | I12: Mikel Artena | J12: mikel.artena@gmail.com | K12: Link
C13: =C12+1 -> 109 | D13: Broker | E13: Fantasy | F13: EchoBay Press | G13: 30 | H13: 4 | I13: Mikel Artena | J13: mikel.artena@gmail.com | K13: Link
C14: =C13+1 -> 110 | D14: Frostfire | E14: Dystopian | F14: EchoBay Press | G14: 30 | H14: 4 | I14: Mikel Artena | J14: mikel.artena@gmail.com | K14: Link
C15: =C14+1 -> 111 | D15: The Tide | E15: Action | F15: Moonlit House | G15: 7 | H15: 1 | I15: Arya Janne | J15: arya.janne@gmail.com | K15: Link
C16: =C15+1 -> 112 | D16: Crimson | E16: Romance | F16: Phoenix Publishers | G16: 60 | H16: 4 | I16: Miriam Adelson | J16: miriam.adelson@gmail.com | K16: Link
C17: =C16+1 -> 113 | D17: Shattered | E17: Sci-Fi | F17: Shadow Media | G17: 5 | H17: 4 | I17: Ken Griffin | J17: ken.griffin@gmail.com | K17: Link
... C24: =C23+1 -> 120 | D24: Shadowfall | E24: Urban | F24: Shattered Sky | G24: 60 | H24: 4 | I24: Jim Simons | J24: jim.simons@gmail.com | K24: Link

Sheet Order Summary Complete
C2: Daily Order Summary
C4: Total Order | D4: =SUM(F7:F10) -> 89.917255
C6: Product ID | D6: Product | E6: Quantity | F6: Total Cost | G6: Contact | H6: Email
C7: {=_xlfn._xlws.FILTER(Inventory[[#All],[Product ID]:[Product]],Inventory[[#All],[Reorder?]]="Yes")} -> 101 | D7: Fading Light | E7: =_xlfn.XLOOKUP(C7,Vendor[ID],Vendor[Reorder],"") -> 2 | F7: =IFERROR(E7*_xlfn.XLOOKUP('Order Summary Complete'!C7,Inventory[Product ID],Inventory[Cost per Unit]),"") -> 13.071526 | G7: {=_xlfn.XLOOKUP(C7,Vendor[ID],Vendor[[Contact Name]:[Email Address]],"")} -> Josh Smith | H7: josh.smith@gmail.com
C8: 103 | D8: Iron Sky | E8: =_xlfn.XLOOKUP(C8,Vendor[ID],Vendor[Reorder],"") -> 4 | F8: =IFERROR(E8*_xlfn.XLOOKUP('Order Summary Complete'!C8,Inventory[Product ID],Inventory[Cost per Unit],""),"") -> 38.646021 | G8: {=_xlfn.XLOOKUP(C8,Vendor[ID],Vendor[[Contact Name]:[Email Address]],"")} -> Mikel Artena | H8: mikel.artena@gmail.com
C9: 110 | D9: Frostfire | E9: =_xlfn.XLOOKUP(C9,Vendor[ID],Vendor[Reorder],"") -> 4 | F9: =IFERROR(E9*_xlfn.XLOOKUP('Order Summary Complete'!C9,Inventory[Product ID],Inventory[Cost per Unit],""),"") -> 6.2708206 | G9: {=_xlfn.XLOOKUP(C9,Vendor[ID],Vendor[[Contact Name]:[Email Address]],"")} -> Mikel Artena | H9: mikel.artena@gmail.com
C10: 112 | D10: Crimson | E10: =_xlfn.XLOOKUP(C10,Vendor[ID],Vendor[Reorder],"") -> 4 | F10: =IFERROR(E10*_xlfn.XLOOKUP('Order Summary Complete'!C10,Inventory[Product ID],Inventory[Cost per Unit],""),"") -> 31.928887 | G10: {=_xlfn.XLOOKUP(C10,Vendor[ID],Vendor[[Contact Name]:[Email Address]],"")} -> Miriam Adelson | H10: miriam.adelson@gmail.com
C11: 118 | D11: The Nexus | E11: =_xlfn.XLOOKUP(C11,Vendor[ID],Vendor[Reorder],"") -> 4 | F11: =IFERROR(E11*_xlfn.XLOOKUP('Order Summary Complete'!C11,Inventory[Product ID],Inventory[Cost per Unit],""),"") -> 20 | G11: {=_xlfn.XLOOKUP(C11,Vendor[ID],Vendor[[Contact Name]:[Email Address]],"")} -> Jim Simons | H11: jim.simons@gmail.com
E12: =_xlfn.XLOOKUP(C12,Vendor[ID],Vendor[Reorder],"") | F12: =IFERROR(E12*_xlfn.XLOOKUP('Order Summary Complete'!C12,Inventory[Product ID],Inventory[Cost per Unit],""),"") | G12: {=_xlfn.XLOOKUP(C12,Vendor[ID],Vendor[[Contact Name]:[Email Address]],"")}
E13: =_xlfn.XLOOKUP(C13,Vendor[ID],Vendor[Reorder],"") | F13: =IFERROR(E13*_xlfn.XLOOKUP('Order Summary Complete'!C13,Inventory[Product ID],Inventory[Cost per Unit],""),"") | G13: {=_xlfn.XLOOKUP(C13,Vendor[ID],Vendor[[Contact Name]:[Email Address]],"")}
E14: =_xlfn.XLOOKUP(C14,Vendor[ID],Vendor[Reorder],"") | F14: =IFERROR(E14*_xlfn.XLOOKUP('Order Summary Complete'!C14,Inventory[Product ID],Inventory[Cost per Unit],""),"") | G14: {=_xlfn.XLOOKUP(C14,Vendor[ID],Vendor[[Contact Name]:[Email Address]],"")}
E15: =_xlfn.XLOOKUP(C15,Vendor[ID],Vendor[Reorder],"") | F15: =IFERROR(E15*_xlfn.XLOOKUP('Order Summary Complete'!C15,Inventory[Product ID],Inventory[Cost per Unit],""),"") | G15: {=_xlfn.XLOOKUP(C15,Vendor[ID],Vendor[[Contact Name]:[Email Address]],"")}
E16: =_xlfn.XLOOKUP(C16,Vendor[ID],Vendor[Reorder],"") | F16: =IFERROR(E16*_xlfn.XLOOKUP('Order Summary Complete'!C16,Inventory[Product ID],Inventory[Cost per Unit],""),"") | G16: {=_xlfn.XLOOKUP(C16,Vendor[ID],Vendor[[Contact Name]:[Email Address]],"")}
E17: =_xlfn.XLOOKUP(C17,Vendor[ID],Vendor[Reorder],"") | F17: =IFERROR(E17*_xlfn.XLOOKUP('Order Summary Complete'!C17,Inventory[Product ID],Inventory[Cost per Unit],""),"") | G17: {=_xlfn.XLOOKUP(C17,Vendor[ID],Vendor[[Contact Name]:[Email Address]],"")}
E18: =_xlfn.XLOOKUP(C18,Vendor[ID],Vendor[Reorder],"") | F18: =IFERROR(E18*_xlfn.XLOOKUP('Order Summary Complete'!C18,Inventory[Product ID],Inventory[Cost per Unit],""),"") | G18: {=_xlfn.XLOOKUP(C18,Vendor[ID],Vendor[[Contact Name]:[Email Address]],"")}
E19: =_xlfn.XLOOKUP(C19,Vendor[ID],Vendor[Reorder],"") | F19: =IFERROR(E19*_xlfn.XLOOKUP('Order Summary Complete'!C19,Inventory[Product ID],Inventory[Cost per Unit],""),"") | G19: {=_xlfn.XLOOKUP(C19,Vendor[ID],Vendor[[Contact Name]:[Email Address]],"")}
E20: =_xlfn.XLOOKUP(C20,Vendor[ID],Vendor[Reorder],"") | F20: =IFERROR(E20*_xlfn.XLOOKUP('Order Summary Complete'!C20,Inventory[Product ID],Inventory[Cost per Unit],""),"") | G20: {=_xlfn.XLOOKUP(C20,Vendor[ID],Vendor[[Contact Name]:[Email Address]],"")}
E21: =_xlfn.XLOOKUP(C21,Vendor[ID],Vendor[Reorder],"")
E22: =_xlfn.XLOOKUP(C22,Vendor[ID],Vendor[Reorder],"")
E23: =_xlfn.XLOOKUP(C23,Vendor[ID],Vendor[Reorder],"")
